{"test_loss": 2.3128801513671875, "accuracy": 11.35, "_timestamp": 1709478791.675419, "_runtime": 111.78331017494202, "_step": 1, "_wandb": {"runtime": 110}}