{"train_loss": 2.31510853767395, "_timestamp": 1709562690.0102909, "_runtime": 162.57026481628418, "_step": 2816, "accuracy": 11.35, "test_loss": 2.3030559326171876, "_wandb": {"runtime": 161}}