{"training_loss": 2.315218210220337, "_timestamp": 1709304236.9902263, "_runtime": 10.622812271118164, "_step": 6}