{"train_loss": 0.004044907167553902, "_timestamp": 1709637651.557778, "_runtime": 251.7419719696045, "_step": 2816, "accuracy": 98.55, "test_loss": 0.04292177896499634, "_wandb": {"runtime": 251}}