{"loss": 2.335852861404419, "_timestamp": 1709299870.4732168, "_runtime": 290.8153266906738, "_step": 1875, "_wandb": {"runtime": 296}}