{"train_loss": 0.015645764768123627, "_timestamp": 1709631952.7599347, "_runtime": 253.61191058158875, "_step": 3509, "accuracy": 98.88, "test_loss": 0.033624593210220335, "_wandb": {"runtime": 252}}