{"train_loss": 2.3098626136779785, "_timestamp": 1709563480.2379296, "_runtime": 166.56629753112793, "_step": 2816, "accuracy": 10.28, "test_loss": 2.3015248046875, "_wandb": {"runtime": 165}}