{"train_loss": 1.6961863040924072, "_timestamp": 1709638427.9102082, "_runtime": 83.76201820373535, "_step": 938, "accuracy": 76.7, "test_loss": 1.5931132202148437, "_wandb": {"runtime": 82}}