{"training_loss": 2.337735176086426, "_timestamp": 1709300531.3611176, "_runtime": 173.84988951683044, "_step": 94, "test_loss": 2.3191090576171876, "_wandb": {"runtime": 173}}