{"train_loss": 2.337735414505005, "_timestamp": 1709561977.3546488, "_runtime": 53.08434987068176, "_step": 94, "accuracy": 11.35, "test_loss": 2.3191091552734373, "_wandb": {"runtime": 52}}