{"train_loss": 2.3146964269002277, "_timestamp": 1709480825.9168966, "_runtime": 163.87785959243774, "_step": 3, "test_loss": 2.3128801513671875, "_wandb": {"runtime": 162}}