{"train_loss": 2.3146964269002277, "_timestamp": 1709480170.774163, "_runtime": 159.64393210411072, "_step": 3, "test_loss": 2.3128801513671875, "_wandb": {"runtime": 152}}