{"training_loss": 2.4226019382476807, "_timestamp": 1709314237.6236582, "_runtime": 5.391962289810181, "_step": 4}