{"train_loss": 0.0007514037424698472, "_timestamp": 1709563848.9502933, "_runtime": 304.31758737564087, "_step": 4694, "accuracy": 99.12, "test_loss": 0.02699109243154526, "_wandb": {"runtime": 303}}