{"train_loss": 1.1239566802978516, "_timestamp": 1709638336.4413965, "_runtime": 165.00773739814758, "_step": 1877, "accuracy": 83.15, "test_loss": 1.0700762390136718, "_wandb": {"runtime": 163}}