{"train_loss": 2.3011069297790527, "_timestamp": 1709637986.8055131, "_runtime": 303.3261082172394, "_step": 2816, "accuracy": 9.58, "test_loss": 2.3032933349609377, "_wandb": {"runtime": 269}}