{"training_loss": 0.023963555693626404, "_timestamp": 1709635780.6021953, "_runtime": 904.593343257904, "_step": 284, "test_loss": 0.05391459302902222, "_wandb": {"runtime": 1026}}