{"training_loss": 0.1339421272277832, "_timestamp": 1709625017.701354, "_runtime": 436.159548997879, "_step": 170, "test_loss": 0.05391459302902222}