{"train_loss": 0.27603572607040405, "_timestamp": 1709637048.5382562, "_runtime": 909.4159202575684, "_step": 9389, "accuracy": 90.69, "test_loss": 0.3564456436157227, "_wandb": {"runtime": 908}}