{"train_loss": 0.04517749324440956, "_timestamp": 1709636035.4259021, "_runtime": 113.03911519050598, "_step": 1877, "accuracy": 96.37, "test_loss": 0.12161880416870118, "_wandb": {"runtime": 112}}