{"training_loss": 0.036755431443452835, "_timestamp": 1709587385.4367795, "_runtime": 706.0773274898529, "_step": 284, "test_loss": 0.05832068891525269, "_wandb": {"runtime": 727}}