{"train_loss": 2.337604284286499, "_timestamp": 1709562371.5286548, "_runtime": 50.904149770736694, "_step": 938, "accuracy": 11.35, "test_loss": 2.3191091552734373, "_wandb": {"runtime": 50}}