{"Loss": 2.312601123046875, "epoch": 1, "_timestamp": 1709718489.349451, "_runtime": 113.12536096572876, "_step": 1, "_wandb": {"runtime": 105}}