{"train_loss": 1.4677623510360718, "_timestamp": 1709633197.4200258, "_runtime": 994.6525828838348, "_step": 11230, "accuracy": 94.24, "test_loss": 0.20238158111572266, "_wandb": {"runtime": 993}}