{"train_loss": 0.6454641819000244, "_timestamp": 1709638164.1575818, "_runtime": 168.15022778511047, "_step": 1877, "accuracy": 87.74, "test_loss": 0.5771023803710937, "_wandb": {"runtime": 165}}