{"train_loss": 0.054381001740694046, "_timestamp": 1709634643.7492263, "_runtime": 1090.0786912441254, "_step": 10328, "accuracy": 95.67, "test_loss": 0.1429749656677246, "_wandb": {"runtime": 1089}}